{"stats":{"minecraft:used":{"minecraft:stone_sword":90,"minecraft:stone_pickaxe":285,"minecraft:wooden_pickaxe":49,"minecraft:iron_chestplate":1,"minecraft:torch":4,"minecraft:dirt":2,"minecraft:mutton":12,"minecraft:crafting_table":5,"minecraft:wooden_axe":44,"minecraft:iron_pickaxe":209,"minecraft:iron_helmet":1,"minecraft:iron_boots":1,"minecraft:cobblestone":72,"minecraft:beef":9,"minecraft:goat_horn":1,"minecraft:furnace":2,"minecraft:cooked_porkchop":9,"minecraft:potato":1,"minecraft:cobbled_deepslate":13,"minecraft:iron_leggings":1},"minecraft:crafted":{"minecraft:cooked_porkchop":9,"minecraft:crafting_table":1,"minecraft:wooden_pickaxe":1,"minecraft:iron_helmet":1,"minecraft:furnace":1,"minecraft:air":0,"minecraft:iron_chestplate":1,"minecraft:iron_boots":1,"minecraft:stick":16,"minecraft:iron_ingot":22,"minecraft:iron_pickaxe":1,"minecraft:stone_pickaxe":3,"minecraft:wooden_axe":1,"minecraft:stone_sword":1,"minecraft:iron_leggings":1,"minecraft:torch":4,"minecraft:dark_oak_planks":28},"minecraft:custom":{"minecraft:interact_with_furnace":19,"minecraft:mob_kills":32,"minecraft:interact_with_crafting_table":13,"minecraft:raid_trigger":1,"minecraft:leave_game":1,"minecraft:time_since_death":55694,"minecraft:time_since_rest":55694,"minecraft:sprint_one_cm":201968,"minecraft:damage_taken":1054,"minecraft:walk_one_cm":87742,"minecraft:drop":10,"minecraft:damage_dealt":3941,"minecraft:swim_one_cm":15244,"minecraft:fly_one_cm":181998,"minecraft:open_chest":5,"minecraft:crouch_one_cm":20642,"minecraft:play_time":55694,"minecraft:sneak_time":6503,"minecraft:walk_under_water_one_cm":1576,"minecraft:jump":1306,"minecraft:walk_on_water_one_cm":6424,"minecraft:total_world_time":55694,"minecraft:fall_one_cm":39279},"minecraft:mined":{"minecraft:deepslate_redstone_ore":8,"minecraft:tuff":11,"minecraft:deepslate_diamond_ore":2,"minecraft:dark_oak_log":4,"minecraft:crafting_table":5,"minecraft:granite":25,"minecraft:dark_oak_fence":2,"minecraft:budding_amethyst":1,"minecraft:calcite":6,"minecraft:grass_block":2,"minecraft:tall_grass":3,"minecraft:cobblestone":2,"minecraft:diorite":24,"minecraft:amethyst_block":2,"minecraft:spawner":1,"minecraft:furnace":2,"minecraft:iron_ore":17,"minecraft:cobbled_deepslate":2,"minecraft:andesite":2,"minecraft:birch_leaves":2,"minecraft:grass":9,"minecraft:oak_log":1,"minecraft:coal_ore":30,"minecraft:deepslate_iron_ore":77,"minecraft:gravel":5,"minecraft:dirt":8,"minecraft:cobweb":14,"minecraft:smooth_basalt":3,"minecraft:stone":221,"minecraft:oak_leaves":1,"minecraft:deepslate":96},"minecraft:dropped":{"minecraft:gravel":5,"minecraft:wheat_seeds":2,"minecraft:tuff":2,"minecraft:amethyst_block":2,"minecraft:stick":2,"minecraft:potato":1,"minecraft:wooden_axe":1,"minecraft:calcite":3,"minecraft:string":19},"minecraft:killed":{"minecraft:cave_spider":1,"minecraft:pig":6,"minecraft:spider":1,"minecraft:sheep":7,"minecraft:skeleton":5,"minecraft:pillager":1,"minecraft:zombie":6,"minecraft:cow":5},"minecraft:broken":{"minecraft:stone_pickaxe":1,"minecraft:wooden_axe":1},"minecraft:picked_up":{"minecraft:wooden_axe":1,"minecraft:crafting_table":5,"minecraft:leather":3,"minecraft:potato":1,"minecraft:tuff":3,"minecraft:oak_log":1,"minecraft:amethyst_block":2,"minecraft:string":28,"minecraft:dirt":10,"minecraft:white_banner":1,"minecraft:bone":4,"minecraft:wheat_seeds":2,"minecraft:cobbled_deepslate":84,"minecraft:beef":9,"minecraft:iron_ingot":2,"minecraft:calcite":3,"minecraft:furnace":2,"minecraft:raw_iron":118,"minecraft:gravel":5,"minecraft:porkchop":9,"minecraft:diorite":24,"minecraft:dark_oak_log":4,"minecraft:arrow":2,"minecraft:rotten_flesh":2,"minecraft:diamond":2,"minecraft:granite":24,"minecraft:mutton":12,"minecraft:dark_oak_fence":2,"minecraft:coal":59,"minecraft:white_wool":6,"minecraft:cobblestone":216}},"DataVersion":3465}