{"stats":{"minecraft:used":{"minecraft:wooden_axe":43,"minecraft:stone_pickaxe":131,"minecraft:wooden_pickaxe":49,"minecraft:dirt":2,"minecraft:crafting_table":4,"minecraft:goat_horn":1,"minecraft:potato":1},"minecraft:crafted":{"minecraft:crafting_table":1,"minecraft:stick":8,"minecraft:wooden_pickaxe":1,"minecraft:stone_pickaxe":1,"minecraft:wooden_axe":1,"minecraft:furnace":1,"minecraft:dark_oak_planks":28},"minecraft:custom":{"minecraft:time_since_rest":11115,"minecraft:sprint_one_cm":29023,"minecraft:walk_one_cm":13740,"minecraft:damage_taken":200,"minecraft:mob_kills":11,"minecraft:drop":2,"minecraft:damage_dealt":1131,"minecraft:swim_one_cm":5669,"minecraft:interact_with_crafting_table":4,"minecraft:fly_one_cm":25472,"minecraft:open_chest":1,"minecraft:crouch_one_cm":9610,"minecraft:play_time":11115,"minecraft:sneak_time":3143,"minecraft:walk_under_water_one_cm":823,"minecraft:jump":116,"minecraft:walk_on_water_one_cm":946,"minecraft:time_since_death":11115,"minecraft:total_world_time":11115,"minecraft:fall_one_cm":5515},"minecraft:mined":{"minecraft:iron_ore":13,"minecraft:dark_oak_log":4,"minecraft:granite":13,"minecraft:crafting_table":3,"minecraft:dark_oak_fence":2,"minecraft:grass":9,"minecraft:coal_ore":20,"minecraft:grass_block":1,"minecraft:oak_log":1,"minecraft:gravel":5,"minecraft:dirt":3,"minecraft:stone":98,"minecraft:diorite":6,"minecraft:deepslate":25},"minecraft:dropped":{"minecraft:potato":1,"minecraft:wooden_axe":1},"minecraft:killed":{"minecraft:pillager":1,"minecraft:pig":6,"minecraft:cow":4},"minecraft:broken":{"minecraft:stone_pickaxe":1},"minecraft:picked_up":{"minecraft:wooden_axe":1,"minecraft:raw_iron":13,"minecraft:crafting_table":3,"minecraft:leather":1,"minecraft:potato":1,"minecraft:gravel":5,"minecraft:porkchop":9,"minecraft:oak_log":1,"minecraft:diorite":6,"minecraft:dark_oak_log":4,"minecraft:dirt":4,"minecraft:white_banner":1,"minecraft:wheat_seeds":2,"minecraft:cobbled_deepslate":25,"minecraft:beef":6,"minecraft:granite":13,"minecraft:dark_oak_fence":2,"minecraft:coal":20,"minecraft:cobblestone":97}},"DataVersion":3465}