{"stats":{"minecraft:used":{"minecraft:stone_sword":19,"minecraft:stone_pickaxe":164,"minecraft:wooden_pickaxe":49,"minecraft:iron_chestplate":1,"minecraft:torch":4,"minecraft:dirt":2,"minecraft:crafting_table":5,"minecraft:wooden_axe":44,"minecraft:iron_pickaxe":10,"minecraft:iron_helmet":1,"minecraft:iron_boots":1,"minecraft:cobblestone":8,"minecraft:goat_horn":1,"minecraft:furnace":2,"minecraft:cooked_porkchop":5,"minecraft:potato":1,"minecraft:cobbled_deepslate":11,"minecraft:iron_leggings":1},"minecraft:crafted":{"minecraft:cooked_porkchop":9,"minecraft:crafting_table":1,"minecraft:wooden_pickaxe":1,"minecraft:iron_helmet":1,"minecraft:furnace":1,"minecraft:air":0,"minecraft:iron_chestplate":1,"minecraft:iron_boots":1,"minecraft:stick":16,"minecraft:iron_ingot":22,"minecraft:iron_pickaxe":1,"minecraft:stone_pickaxe":3,"minecraft:wooden_axe":1,"minecraft:stone_sword":1,"minecraft:iron_leggings":1,"minecraft:torch":4,"minecraft:dark_oak_planks":28},"minecraft:custom":{"minecraft:interact_with_furnace":19,"minecraft:mob_kills":15,"minecraft:interact_with_crafting_table":13,"minecraft:time_since_death":23115,"minecraft:time_since_rest":23115,"minecraft:sprint_one_cm":71881,"minecraft:damage_taken":380,"minecraft:walk_one_cm":34612,"minecraft:drop":3,"minecraft:damage_dealt":1881,"minecraft:swim_one_cm":5669,"minecraft:fly_one_cm":53869,"minecraft:open_chest":4,"minecraft:crouch_one_cm":13844,"minecraft:play_time":23115,"minecraft:sneak_time":4123,"minecraft:walk_under_water_one_cm":823,"minecraft:jump":321,"minecraft:walk_on_water_one_cm":1804,"minecraft:total_world_time":23115,"minecraft:fall_one_cm":10890},"minecraft:mined":{"minecraft:tuff":3,"minecraft:deepslate_diamond_ore":1,"minecraft:dark_oak_log":4,"minecraft:crafting_table":5,"minecraft:granite":13,"minecraft:dark_oak_fence":2,"minecraft:grass_block":1,"minecraft:cobblestone":2,"minecraft:diorite":6,"minecraft:furnace":2,"minecraft:iron_ore":13,"minecraft:grass":9,"minecraft:oak_log":1,"minecraft:coal_ore":20,"minecraft:deepslate_iron_ore":33,"minecraft:gravel":5,"minecraft:dirt":3,"minecraft:stone":98,"minecraft:deepslate":27},"minecraft:dropped":{"minecraft:gravel":5,"minecraft:potato":1,"minecraft:wooden_axe":1},"minecraft:killed":{"minecraft:pig":6,"minecraft:spider":1,"minecraft:pillager":1,"minecraft:zombie":3,"minecraft:cow":4},"minecraft:broken":{"minecraft:stone_pickaxe":1,"minecraft:wooden_axe":1},"minecraft:picked_up":{"minecraft:wooden_axe":1,"minecraft:crafting_table":5,"minecraft:leather":1,"minecraft:potato":1,"minecraft:tuff":2,"minecraft:oak_log":1,"minecraft:dirt":4,"minecraft:white_banner":1,"minecraft:wheat_seeds":2,"minecraft:cobbled_deepslate":27,"minecraft:beef":6,"minecraft:iron_ingot":2,"minecraft:furnace":2,"minecraft:raw_iron":71,"minecraft:gravel":5,"minecraft:porkchop":9,"minecraft:diorite":6,"minecraft:dark_oak_log":4,"minecraft:rotten_flesh":2,"minecraft:diamond":1,"minecraft:granite":13,"minecraft:dark_oak_fence":2,"minecraft:coal":49,"minecraft:cobblestone":99}},"DataVersion":3465}