{"stats":{"minecraft:used":{"minecraft:stone_sword":59,"minecraft:stone_pickaxe":165,"minecraft:wooden_pickaxe":49,"minecraft:iron_chestplate":1,"minecraft:torch":4,"minecraft:dirt":2,"minecraft:crafting_table":5,"minecraft:wooden_axe":44,"minecraft:iron_pickaxe":83,"minecraft:iron_helmet":1,"minecraft:iron_boots":1,"minecraft:cobblestone":8,"minecraft:goat_horn":1,"minecraft:furnace":2,"minecraft:cooked_porkchop":8,"minecraft:potato":1,"minecraft:cobbled_deepslate":11,"minecraft:iron_leggings":1},"minecraft:crafted":{"minecraft:cooked_porkchop":9,"minecraft:crafting_table":1,"minecraft:wooden_pickaxe":1,"minecraft:iron_helmet":1,"minecraft:furnace":1,"minecraft:air":0,"minecraft:iron_chestplate":1,"minecraft:iron_boots":1,"minecraft:stick":16,"minecraft:iron_ingot":22,"minecraft:iron_pickaxe":1,"minecraft:stone_pickaxe":3,"minecraft:wooden_axe":1,"minecraft:stone_sword":1,"minecraft:iron_leggings":1,"minecraft:torch":4,"minecraft:dark_oak_planks":28},"minecraft:custom":{"minecraft:interact_with_furnace":19,"minecraft:mob_kills":21,"minecraft:interact_with_crafting_table":13,"minecraft:time_since_death":35115,"minecraft:time_since_rest":35115,"minecraft:sprint_one_cm":136244,"minecraft:damage_taken":636,"minecraft:walk_one_cm":63756,"minecraft:drop":5,"minecraft:damage_dealt":2851,"minecraft:swim_one_cm":5669,"minecraft:fly_one_cm":95958,"minecraft:open_chest":5,"minecraft:crouch_one_cm":16244,"minecraft:play_time":35115,"minecraft:sneak_time":4758,"minecraft:walk_under_water_one_cm":823,"minecraft:jump":678,"minecraft:walk_on_water_one_cm":2509,"minecraft:total_world_time":35115,"minecraft:fall_one_cm":19815},"minecraft:mined":{"minecraft:deepslate_redstone_ore":8,"minecraft:tuff":8,"minecraft:deepslate_diamond_ore":2,"minecraft:dark_oak_log":4,"minecraft:crafting_table":5,"minecraft:granite":13,"minecraft:dark_oak_fence":2,"minecraft:grass_block":1,"minecraft:cobblestone":2,"minecraft:diorite":6,"minecraft:spawner":1,"minecraft:furnace":2,"minecraft:iron_ore":13,"minecraft:grass":9,"minecraft:oak_log":1,"minecraft:coal_ore":20,"minecraft:deepslate_iron_ore":77,"minecraft:gravel":5,"minecraft:dirt":3,"minecraft:cobweb":14,"minecraft:stone":98,"minecraft:deepslate":42},"minecraft:dropped":{"minecraft:gravel":5,"minecraft:tuff":2,"minecraft:potato":1,"minecraft:wooden_axe":1},"minecraft:killed":{"minecraft:cave_spider":1,"minecraft:pig":6,"minecraft:spider":1,"minecraft:skeleton":5,"minecraft:pillager":1,"minecraft:zombie":3,"minecraft:cow":4},"minecraft:broken":{"minecraft:stone_pickaxe":1,"minecraft:wooden_axe":1},"minecraft:picked_up":{"minecraft:wooden_axe":1,"minecraft:crafting_table":5,"minecraft:leather":1,"minecraft:potato":1,"minecraft:tuff":3,"minecraft:oak_log":1,"minecraft:string":9,"minecraft:dirt":4,"minecraft:white_banner":1,"minecraft:bone":4,"minecraft:wheat_seeds":2,"minecraft:cobbled_deepslate":49,"minecraft:beef":6,"minecraft:iron_ingot":2,"minecraft:furnace":2,"minecraft:raw_iron":114,"minecraft:gravel":5,"minecraft:porkchop":9,"minecraft:diorite":6,"minecraft:dark_oak_log":4,"minecraft:arrow":2,"minecraft:rotten_flesh":2,"minecraft:diamond":2,"minecraft:granite":13,"minecraft:dark_oak_fence":2,"minecraft:coal":49,"minecraft:cobblestone":99}},"DataVersion":3465}