{"stats":{"minecraft:custom":{"minecraft:mob_kills":34,"minecraft:interact_with_crafting_table":2,"minecraft:leave_game":4,"minecraft:time_since_death":62205,"minecraft:sleep_in_bed":1,"minecraft:climb_one_cm":2326,"minecraft:damage_resisted":314,"minecraft:time_since_rest":62679,"minecraft:damage_absorbed":593,"minecraft:sprint_one_cm":455685,"minecraft:open_enderchest":2,"minecraft:damage_taken":1792,"minecraft:walk_one_cm":99098,"minecraft:drop":1,"minecraft:damage_dealt":7221,"minecraft:swim_one_cm":4558,"minecraft:fly_one_cm":586421,"minecraft:open_chest":10,"minecraft:crouch_one_cm":9912,"minecraft:play_time":82347,"minecraft:deaths":2,"minecraft:sneak_time":3323,"minecraft:walk_under_water_one_cm":2458,"minecraft:jump":1289,"minecraft:interact_with_brewingstand":1,"minecraft:walk_on_water_one_cm":4011,"minecraft:total_world_time":82347,"minecraft:fall_one_cm":36029},"minecraft:dropped":{"minecraft:beetroot_seeds":8},"minecraft:used":{"minecraft:iron_shovel":3,"minecraft:chorus_fruit":5,"minecraft:ender_pearl":1,"minecraft:spruce_planks":128,"minecraft:wooden_pickaxe":4,"minecraft:iron_sword":64,"minecraft:torch":3,"minecraft:mutton":14,"minecraft:crafting_table":1,"minecraft:white_bed":2,"minecraft:end_stone":29,"minecraft:diamond_pickaxe":23,"minecraft:iron_axe":70,"minecraft:iron_pickaxe":13,"minecraft:diamond_sword":127,"minecraft:wooden_sword":54,"minecraft:sweet_berries":22,"minecraft:porkchop":2,"minecraft:coarse_dirt":1,"minecraft:enchanted_golden_apple":4},"minecraft:killed_by":{"minecraft:player":1},"minecraft:killed":{"minecraft:pig":3,"minecraft:spider":1,"minecraft:iron_golem":1,"minecraft:ender_dragon":1,"minecraft:shulker":8,"minecraft:sheep":10,"minecraft:skeleton":3,"minecraft:zombie":1,"minecraft:enderman":1,"minecraft:cow":5},"minecraft:mined":{"minecraft:white_bed":2,"minecraft:end_stone":27,"minecraft:torch":3,"minecraft:grass_block":4,"minecraft:spruce_leaves":7,"minecraft:oxeye_daisy":1,"minecraft:wall_torch":3,"minecraft:large_fern":3,"minecraft:hay_block":20,"minecraft:birch_log":7,"minecraft:sweet_berry_bush":10,"minecraft:spruce_log":46,"minecraft:grass":12,"minecraft:oak_log":14,"minecraft:chorus_plant":4,"minecraft:stone":13,"minecraft:oak_leaves":1},"minecraft:picked_up":{"minecraft:shulker_shell":4,"minecraft:birch_log":7,"minecraft:iron_chestplate":1,"minecraft:leather":4,"minecraft:oak_log":13,"minecraft:yellow_candle":1,"minecraft:dirt":8,"minecraft:string":1,"minecraft:iron_leggings":1,"minecraft:iron_shovel":1,"minecraft:bone":2,"minecraft:spruce_planks":52,"minecraft:beef":12,"minecraft:iron_ingot":4,"minecraft:player_head":1,"minecraft:poppy":2,"minecraft:oak_planks":52,"minecraft:iron_boots":1,"minecraft:end_stone":27,"minecraft:sweet_berries":22,"minecraft:torch":5,"minecraft:porkchop":4,"minecraft:spruce_sapling":1,"minecraft:white_bed":2,"minecraft:spruce_log":51,"minecraft:arrow":2,"minecraft:golden_hoe":1,"minecraft:iron_helmet":1,"minecraft:hay_block":20,"minecraft:gray_wool":1,"minecraft:black_wool":2,"minecraft:chorus_fruit":70,"minecraft:mutton":24,"minecraft:white_wool":10,"minecraft:cobblestone":13,"minecraft:oxeye_daisy":1},"minecraft:crafted":{"minecraft:wooden_sword":1,"minecraft:oak_planks":52,"minecraft:crafting_table":1,"minecraft:spruce_planks":204,"minecraft:wooden_pickaxe":1,"minecraft:iron_sword":1,"minecraft:birch_planks":28,"minecraft:stick":8,"minecraft:wooden_axe":1,"minecraft:white_bed":1}},"DataVersion":3465}