{"stats":{"minecraft:used":{"minecraft:stone_pickaxe":33,"minecraft:iron_pickaxe":14,"minecraft:oak_planks":3,"minecraft:wooden_pickaxe":16,"minecraft:crafting_table":5,"minecraft:furnace":1,"minecraft:carrot":9,"minecraft:white_bed":2,"minecraft:potato":3},"minecraft:crafted":{"minecraft:oak_planks":48,"minecraft:crafting_table":1,"minecraft:stick":8,"minecraft:iron_pickaxe":1,"minecraft:iron_ingot":3,"minecraft:wooden_pickaxe":1,"minecraft:stone_pickaxe":1,"minecraft:furnace":1,"minecraft:air":0},"minecraft:custom":{"minecraft:time_since_rest":1125,"minecraft:interact_with_furnace":3,"minecraft:sprint_one_cm":69296,"minecraft:damage_taken":681,"minecraft:walk_one_cm":53440,"minecraft:mob_kills":3,"minecraft:damage_dealt":439,"minecraft:swim_one_cm":8998,"minecraft:interact_with_crafting_table":5,"minecraft:fly_one_cm":133248,"minecraft:play_time":22177,"minecraft:crouch_one_cm":3995,"minecraft:deaths":1,"minecraft:sneak_time":1509,"minecraft:walk_under_water_one_cm":4649,"minecraft:jump":625,"minecraft:leave_game":1,"minecraft:time_since_death":17584,"minecraft:walk_on_water_one_cm":14110,"minecraft:sleep_in_bed":2,"minecraft:total_world_time":22177,"minecraft:fall_one_cm":17680},"minecraft:mined":{"minecraft:white_bed":3,"minecraft:furnace":1,"minecraft:carrots":9,"minecraft:iron_ore":11,"minecraft:wheat":9,"minecraft:crafting_table":4,"minecraft:grass":20,"minecraft:oak_log":12,"minecraft:grass_block":4,"minecraft:potatoes":3,"minecraft:coal_ore":9,"minecraft:beetroots":2,"minecraft:dirt":7,"minecraft:tall_grass":2,"minecraft:spruce_leaves":2,"minecraft:stone":24,"minecraft:oak_planks":1,"minecraft:diorite":1,"minecraft:oak_leaves":2},"minecraft:killed_by":{"minecraft:creeper":1},"minecraft:killed":{"minecraft:sheep":2,"minecraft:spider":1},"minecraft:picked_up":{"minecraft:raw_iron":11,"minecraft:crafting_table":4,"minecraft:torch":1,"minecraft:potato":3,"minecraft:oak_log":12,"minecraft:diorite":1,"minecraft:white_bed":3,"minecraft:carrot":9,"minecraft:string":1,"minecraft:dirt":11,"minecraft:rotten_flesh":1,"minecraft:beetroot_seeds":2,"minecraft:wheat_seeds":11,"minecraft:hay_block":4,"minecraft:mutton":4,"minecraft:oak_planks":1,"minecraft:coal":9,"minecraft:furnace":1,"minecraft:white_wool":2,"minecraft:cobblestone":25,"minecraft:egg":1}},"DataVersion":3465}