{"stats":{"minecraft:used":{"minecraft:water_bucket":2,"minecraft:stone_sword":66,"minecraft:stone_pickaxe":33,"minecraft:oak_planks":3,"minecraft:wooden_pickaxe":16,"minecraft:iron_sword":15,"minecraft:iron_chestplate":1,"minecraft:torch":13,"minecraft:mutton":4,"minecraft:crafting_table":10,"minecraft:carrot":9,"minecraft:white_bed":5,"minecraft:diamond_pickaxe":34,"minecraft:bread":19,"minecraft:iron_pickaxe":109,"minecraft:sweet_berries":5,"minecraft:furnace":4,"minecraft:bucket":2,"minecraft:egg":2,"minecraft:potato":3,"minecraft:cobbled_deepslate":23},"minecraft:crafted":{"minecraft:oak_planks":48,"minecraft:crafting_table":2,"minecraft:wooden_pickaxe":1,"minecraft:furnace":2,"minecraft:air":0,"minecraft:diamond_pickaxe":1,"minecraft:iron_chestplate":2,"minecraft:stick":24,"minecraft:iron_ingot":21,"minecraft:iron_pickaxe":1,"minecraft:stone_pickaxe":1,"minecraft:stone_sword":1},"minecraft:custom":{"minecraft:interact_with_furnace":26,"minecraft:mob_kills":21,"minecraft:interact_with_crafting_table":29,"minecraft:leave_game":2,"minecraft:time_since_death":0,"minecraft:sleep_in_bed":3,"minecraft:time_since_rest":149,"minecraft:sprint_one_cm":186268,"minecraft:damage_taken":2549,"minecraft:walk_one_cm":248833,"minecraft:drop":11,"minecraft:damage_dealt":3864,"minecraft:swim_one_cm":19980,"minecraft:fly_one_cm":291303,"minecraft:open_chest":2,"minecraft:crouch_one_cm":9588,"minecraft:play_time":77725,"minecraft:deaths":5,"minecraft:sneak_time":5283,"minecraft:walk_under_water_one_cm":7542,"minecraft:jump":1791,"minecraft:walk_on_water_one_cm":41532,"minecraft:total_world_time":77725,"minecraft:fall_one_cm":44449},"minecraft:mined":{"minecraft:deepslate_redstone_ore":1,"minecraft:tuff":31,"minecraft:white_bed":6,"minecraft:mossy_cobblestone":1,"minecraft:deepslate_diamond_ore":10,"minecraft:obsidian":12,"minecraft:crafting_table":9,"minecraft:torch":7,"minecraft:calcite":1,"minecraft:grass_block":9,"minecraft:cobblestone":4,"minecraft:tall_grass":2,"minecraft:spruce_leaves":3,"minecraft:deepslate_gold_ore":2,"minecraft:oak_planks":1,"minecraft:diorite":1,"minecraft:wall_torch":6,"minecraft:large_fern":1,"minecraft:furnace":3,"minecraft:carrots":9,"minecraft:sweet_berry_bush":2,"minecraft:iron_ore":11,"minecraft:wheat":9,"minecraft:grass":21,"minecraft:coal_ore":9,"minecraft:potatoes":3,"minecraft:oak_log":12,"minecraft:beetroots":2,"minecraft:deepslate_iron_ore":7,"minecraft:sand":1,"minecraft:dirt":7,"minecraft:stone":24,"minecraft:oak_leaves":7,"minecraft:deepslate":49},"minecraft:dropped":{"minecraft:bread":1,"minecraft:diamond":1,"minecraft:obsidian":12,"minecraft:rotten_flesh":1,"minecraft:diamond_horse_armor":2,"minecraft:iron_leggings":1},"minecraft:killed_by":{"minecraft:player":1,"minecraft:skeleton":1,"minecraft:creeper":2},"minecraft:killed":{"minecraft:witch":1,"minecraft:spider":3,"minecraft:creeper":1,"minecraft:skeleton":4,"minecraft:sheep":2,"minecraft:zombie":7},"minecraft:picked_up":{"minecraft:iron_chestplate":1,"minecraft:crafting_table":11,"minecraft:feather":16,"minecraft:potato":3,"minecraft:diamond_horse_armor":2,"minecraft:tuff":46,"minecraft:oak_log":12,"minecraft:dirt":27,"minecraft:string":7,"minecraft:iron_leggings":2,"minecraft:bone":8,"minecraft:bow":2,"minecraft:wheat_seeds":31,"minecraft:cobbled_deepslate":67,"minecraft:raw_gold":2,"minecraft:bucket":1,"minecraft:iron_ingot":2,"minecraft:stone_pickaxe":3,"minecraft:iron_pickaxe":3,"minecraft:iron_sword":1,"minecraft:oak_planks":43,"minecraft:egg":3,"minecraft:furnace":5,"minecraft:stick":11,"minecraft:raw_iron":29,"minecraft:smooth_basalt":8,"minecraft:sweet_berries":5,"minecraft:torch":16,"minecraft:sand":1,"minecraft:diorite":1,"minecraft:white_bed":6,"minecraft:carrot":9,"minecraft:redstone":4,"minecraft:mossy_cobblestone":1,"minecraft:spider_eye":2,"minecraft:stone_sword":1,"minecraft:arrow":16,"minecraft:rotten_flesh":21,"minecraft:diamond":11,"minecraft:beetroot_seeds":4,"minecraft:hay_block":4,"minecraft:bread":42,"minecraft:oak_sapling":1,"minecraft:obsidian":12,"minecraft:mutton":8,"minecraft:coal":31,"minecraft:white_wool":6,"minecraft:cobblestone":71}},"DataVersion":3465}