{"stats":{"minecraft:used":{"minecraft:stone_pickaxe":27,"minecraft:oak_planks":3,"minecraft:wooden_pickaxe":16,"minecraft:crafting_table":2,"minecraft:carrot":7},"minecraft:crafted":{"minecraft:oak_planks":48,"minecraft:crafting_table":1,"minecraft:stick":8,"minecraft:wooden_pickaxe":1,"minecraft:stone_pickaxe":1},"minecraft:custom":{"minecraft:time_since_rest":9519,"minecraft:sprint_one_cm":45102,"minecraft:damage_taken":491,"minecraft:walk_one_cm":28960,"minecraft:mob_kills":3,"minecraft:damage_dealt":421,"minecraft:interact_with_crafting_table":2,"minecraft:swim_one_cm":7002,"minecraft:fly_one_cm":110471,"minecraft:crouch_one_cm":2946,"minecraft:play_time":13756,"minecraft:deaths":1,"minecraft:sneak_time":1166,"minecraft:walk_under_water_one_cm":2933,"minecraft:jump":445,"minecraft:leave_game":1,"minecraft:walk_on_water_one_cm":7889,"minecraft:time_since_death":9163,"minecraft:total_world_time":13756,"minecraft:fall_one_cm":12941},"minecraft:mined":{"minecraft:white_bed":1,"minecraft:carrots":9,"minecraft:iron_ore":3,"minecraft:wheat":9,"minecraft:crafting_table":2,"minecraft:grass":19,"minecraft:coal_ore":9,"minecraft:grass_block":3,"minecraft:potatoes":3,"minecraft:oak_log":12,"minecraft:beetroots":2,"minecraft:dirt":7,"minecraft:tall_grass":2,"minecraft:stone":19,"minecraft:oak_planks":1,"minecraft:oak_leaves":2},"minecraft:killed_by":{"minecraft:creeper":1},"minecraft:killed":{"minecraft:sheep":2,"minecraft:spider":1},"minecraft:picked_up":{"minecraft:raw_iron":3,"minecraft:crafting_table":2,"minecraft:potato":3,"minecraft:oak_log":12,"minecraft:white_bed":1,"minecraft:carrot":9,"minecraft:dirt":10,"minecraft:string":1,"minecraft:beetroot_seeds":2,"minecraft:wheat_seeds":11,"minecraft:hay_block":4,"minecraft:mutton":4,"minecraft:oak_planks":1,"minecraft:coal":9,"minecraft:white_wool":2,"minecraft:cobblestone":18,"minecraft:egg":1}},"DataVersion":3465}