{"stats":{"minecraft:used":{"minecraft:stone_sword":66,"minecraft:stone_pickaxe":33,"minecraft:oak_planks":3,"minecraft:wooden_pickaxe":16,"minecraft:iron_chestplate":1,"minecraft:torch":9,"minecraft:mutton":4,"minecraft:crafting_table":6,"minecraft:carrot":9,"minecraft:white_bed":5,"minecraft:bread":11,"minecraft:iron_pickaxe":29,"minecraft:sweet_berries":5,"minecraft:furnace":2,"minecraft:egg":2,"minecraft:potato":3},"minecraft:crafted":{"minecraft:oak_planks":48,"minecraft:crafting_table":1,"minecraft:wooden_pickaxe":1,"minecraft:furnace":1,"minecraft:air":0,"minecraft:iron_chestplate":1,"minecraft:stick":16,"minecraft:iron_ingot":12,"minecraft:iron_pickaxe":1,"minecraft:stone_pickaxe":1,"minecraft:stone_sword":1},"minecraft:custom":{"minecraft:interact_with_furnace":14,"minecraft:mob_kills":18,"minecraft:interact_with_crafting_table":13,"minecraft:leave_game":1,"minecraft:time_since_death":12900,"minecraft:sleep_in_bed":3,"minecraft:time_since_rest":3393,"minecraft:sprint_one_cm":157793,"minecraft:damage_taken":1909,"minecraft:walk_one_cm":174075,"minecraft:drop":3,"minecraft:damage_dealt":2989,"minecraft:swim_one_cm":19980,"minecraft:fly_one_cm":258492,"minecraft:crouch_one_cm":5861,"minecraft:play_time":52177,"minecraft:deaths":4,"minecraft:sneak_time":2103,"minecraft:walk_under_water_one_cm":7023,"minecraft:jump":1344,"minecraft:walk_on_water_one_cm":22955,"minecraft:total_world_time":52177,"minecraft:fall_one_cm":35315},"minecraft:mined":{"minecraft:white_bed":6,"minecraft:crafting_table":6,"minecraft:torch":6,"minecraft:calcite":1,"minecraft:grass_block":9,"minecraft:tall_grass":2,"minecraft:spruce_leaves":3,"minecraft:deepslate_gold_ore":2,"minecraft:oak_planks":1,"minecraft:diorite":1,"minecraft:wall_torch":3,"minecraft:large_fern":1,"minecraft:furnace":2,"minecraft:carrots":9,"minecraft:sweet_berry_bush":2,"minecraft:iron_ore":11,"minecraft:wheat":9,"minecraft:grass":21,"minecraft:coal_ore":9,"minecraft:potatoes":3,"minecraft:oak_log":12,"minecraft:beetroots":2,"minecraft:deepslate_iron_ore":1,"minecraft:sand":1,"minecraft:dirt":7,"minecraft:stone":24,"minecraft:oak_leaves":7,"minecraft:deepslate":5},"minecraft:dropped":{"minecraft:bread":1,"minecraft:rotten_flesh":1,"minecraft:iron_leggings":1},"minecraft:killed_by":{"minecraft:player":1,"minecraft:skeleton":1,"minecraft:creeper":2},"minecraft:killed":{"minecraft:witch":1,"minecraft:spider":3,"minecraft:creeper":1,"minecraft:skeleton":2,"minecraft:sheep":2,"minecraft:zombie":6},"minecraft:picked_up":{"minecraft:iron_chestplate":1,"minecraft:crafting_table":8,"minecraft:feather":16,"minecraft:potato":3,"minecraft:tuff":2,"minecraft:oak_log":12,"minecraft:dirt":27,"minecraft:string":7,"minecraft:iron_leggings":2,"minecraft:bone":6,"minecraft:bow":1,"minecraft:wheat_seeds":31,"minecraft:cobbled_deepslate":8,"minecraft:raw_gold":2,"minecraft:iron_ingot":1,"minecraft:stone_pickaxe":3,"minecraft:iron_pickaxe":3,"minecraft:iron_sword":1,"minecraft:oak_planks":23,"minecraft:egg":3,"minecraft:furnace":4,"minecraft:stick":11,"minecraft:raw_iron":20,"minecraft:smooth_basalt":8,"minecraft:sweet_berries":5,"minecraft:torch":12,"minecraft:sand":1,"minecraft:diorite":1,"minecraft:white_bed":6,"minecraft:carrot":9,"minecraft:spider_eye":2,"minecraft:stone_sword":1,"minecraft:arrow":15,"minecraft:rotten_flesh":20,"minecraft:beetroot_seeds":4,"minecraft:hay_block":4,"minecraft:bread":34,"minecraft:oak_sapling":1,"minecraft:mutton":8,"minecraft:coal":29,"minecraft:white_wool":6,"minecraft:cobblestone":53}},"DataVersion":3465}