{"stats":{"minecraft:killed":{"minecraft:chicken":1},"minecraft:mined":{"minecraft:large_fern":1,"minecraft:spruce_leaves":1},"minecraft:custom":{"minecraft:jump":62,"minecraft:time_since_rest":2064,"minecraft:leave_game":1,"minecraft:damage_dealt":40,"minecraft:walk_on_water_one_cm":683,"minecraft:sprint_one_cm":18264,"minecraft:play_time":2064,"minecraft:damage_taken":40,"minecraft:time_since_death":2064,"minecraft:walk_one_cm":985,"minecraft:walk_under_water_one_cm":23,"minecraft:total_world_time":2064,"minecraft:mob_kills":1,"minecraft:swim_one_cm":451,"minecraft:fall_one_cm":3436,"minecraft:fly_one_cm":14670},"minecraft:picked_up":{"minecraft:spruce_sapling":1,"minecraft:feather":2,"minecraft:chicken":1}},"DataVersion":3465}