{"stats":{"minecraft:picked_up":{"minecraft:sweet_berries":3},"minecraft:mined":{"minecraft:sweet_berry_bush":1},"minecraft:custom":{"minecraft:jump":94,"minecraft:open_chest":1,"minecraft:time_since_rest":6743,"minecraft:crouch_one_cm":69,"minecraft:leave_game":1,"minecraft:sprint_one_cm":21062,"minecraft:play_time":6743,"minecraft:damage_taken":25,"minecraft:time_since_death":6743,"minecraft:walk_one_cm":14670,"minecraft:sneak_time":22,"minecraft:total_world_time":6743,"minecraft:fall_one_cm":1182,"minecraft:fly_one_cm":26646},"minecraft:used":{"minecraft:iron_axe":1}},"DataVersion":3465}