{"stats":{"minecraft:picked_up":{"minecraft:spruce_log":19,"minecraft:coal":19,"minecraft:dirt":1,"minecraft:cobblestone":108},"minecraft:mined":{"minecraft:coal_ore":14,"minecraft:spruce_leaves":3,"minecraft:grass_block":1,"minecraft:spruce_log":19,"minecraft:stone":113},"minecraft:custom":{"minecraft:jump":123,"minecraft:time_since_rest":11036,"minecraft:leave_game":1,"minecraft:crouch_one_cm":9,"minecraft:sprint_one_cm":54239,"minecraft:play_time":11036,"minecraft:time_since_death":11036,"minecraft:walk_one_cm":5995,"minecraft:sneak_time":315,"minecraft:total_world_time":11036,"minecraft:fall_one_cm":1254,"minecraft:fly_one_cm":27423},"minecraft:used":{"minecraft:iron_pickaxe":127,"minecraft:iron_shovel":1,"minecraft:iron_axe":22}},"DataVersion":3465}