{"stats":{"minecraft:used":{"minecraft:shield":41,"minecraft:iron_sword":126,"minecraft:torch":6,"minecraft:dirt":12,"minecraft:dark_oak_planks":16,"minecraft:iron_helmet":1,"minecraft:iron_boots":1,"minecraft:hay_block":3,"minecraft:furnace":5,"minecraft:cooked_beef":1,"minecraft:iron_leggings":1,"minecraft:cooked_mutton":7,"minecraft:stone_pickaxe":112,"minecraft:oak_planks":5,"minecraft:ender_pearl":1,"minecraft:wooden_pickaxe":21,"minecraft:crafting_table":9,"minecraft:white_bed":5,"minecraft:bread":15,"minecraft:iron_pickaxe":68,"minecraft:stone_axe":159,"minecraft:cooked_porkchop":2},"minecraft:crafted":{"minecraft:oak_planks":48,"minecraft:furnace":1,"minecraft:cooked_mutton":7,"minecraft:iron_boots":1,"minecraft:stone_pickaxe":1,"minecraft:dark_oak_planks":16,"minecraft:wheat":279,"minecraft:cooked_beef":1,"minecraft:cooked_porkchop":2,"minecraft:crafting_table":2,"minecraft:wooden_pickaxe":1,"minecraft:iron_helmet":1,"minecraft:iron_sword":2,"minecraft:stone_axe":2,"minecraft:bread":93,"minecraft:air":0,"minecraft:iron_chestplate":1,"minecraft:shield":1,"minecraft:stick":20,"minecraft:iron_pickaxe":1,"minecraft:iron_ingot":27,"minecraft:iron_leggings":1,"minecraft:white_bed":1,"minecraft:torch":4},"minecraft:custom":{"minecraft:mob_kills":104,"minecraft:interact_with_crafting_table":18,"minecraft:bell_ring":1,"minecraft:leave_game":2,"minecraft:time_since_death":8035,"minecraft:sprint_one_cm":176393,"minecraft:walk_one_cm":226665,"minecraft:damage_blocked_by_shield":1630,"minecraft:drop":77,"minecraft:talked_to_villager":1,"minecraft:play_time":69016,"minecraft:deaths":3,"minecraft:sneak_time":3093,"minecraft:walk_under_water_one_cm":1203,"minecraft:jump":1758,"minecraft:walk_on_water_one_cm":8526,"minecraft:total_world_time":69016,"minecraft:interact_with_furnace":52,"minecraft:sleep_in_bed":3,"minecraft:time_since_rest":4209,"minecraft:damage_taken":1973,"minecraft:damage_dealt":15757,"minecraft:swim_one_cm":5813,"minecraft:fly_one_cm":314018,"minecraft:player_kills":1,"minecraft:open_chest":1,"minecraft:crouch_one_cm":11022,"minecraft:fall_one_cm":41495},"minecraft:mined":{"minecraft:tuff":1,"minecraft:white_bed":3,"minecraft:deepslate_diamond_ore":5,"minecraft:dark_oak_log":4,"minecraft:dark_oak_fence":6,"minecraft:grass_block":8,"minecraft:hay_block":38,"minecraft:furnace":5,"minecraft:iron_ore":8,"minecraft:deepslate_lapis_ore":11,"minecraft:deepslate_iron_ore":29,"minecraft:stone":56,"minecraft:crafting_table":8,"minecraft:torch":2,"minecraft:calcite":1,"minecraft:chest":1,"minecraft:tall_grass":6,"minecraft:cobblestone":16,"minecraft:lapis_ore":1,"minecraft:deepslate_gold_ore":22,"minecraft:sugar_cane":5,"minecraft:wall_torch":1,"minecraft:wheat":1,"minecraft:grass":14,"minecraft:oak_log":32,"minecraft:coal_ore":8,"minecraft:beetroots":1,"minecraft:dirt":4,"minecraft:oak_leaves":4,"minecraft:deepslate":18},"minecraft:dropped":{"minecraft:bread":29,"minecraft:iron_sword":1,"minecraft:wheat_seeds":6,"minecraft:leather":1,"minecraft:dirt":11,"minecraft:diorite":1,"minecraft:dark_oak_fence":6,"minecraft:torch":2,"minecraft:iron_pickaxe":3,"minecraft:string":11,"minecraft:stone_sword":2,"minecraft:tuff":4,"minecraft:rotten_flesh":16,"minecraft:light_gray_wool":1,"minecraft:cooked_mutton":1,"minecraft:hay_block":4,"minecraft:gunpowder":1,"minecraft:iron_chestplate":1,"minecraft:beetroot_seeds":3,"minecraft:spider_eye":1,"minecraft:arrow":6,"minecraft:bow":1,"minecraft:stone_pickaxe":4,"minecraft:black_wool":1},"minecraft:killed_by":{"minecraft:enderman":1,"minecraft:zombie":2},"minecraft:killed":{"minecraft:spider":1,"minecraft:skeleton":17,"minecraft:chicken":6,"minecraft:pig":4,"minecraft:iron_golem":1,"minecraft:creeper":2,"minecraft:sheep":23,"minecraft:pillager":3,"minecraft:zombie":25,"minecraft:villager":2,"minecraft:cow":18,"minecraft:enderman":1},"minecraft:broken":{"minecraft:stone_axe":2},"minecraft:picked_up":{"minecraft:crafting_table":14,"minecraft:iron_chestplate":5,"minecraft:chicken":24,"minecraft:shield":3,"minecraft:string":11,"minecraft:iron_leggings":3,"minecraft:cobbled_deepslate":66,"minecraft:beef":125,"minecraft:iron_pickaxe":7,"minecraft:light_gray_wool":1,"minecraft:sugar_cane":44,"minecraft:chest":4,"minecraft:furnace":10,"minecraft:stick":55,"minecraft:raw_iron":68,"minecraft:torch":7,"minecraft:porkchop":26,"minecraft:diorite":1,"minecraft:stone_sword":2,"minecraft:arrow":54,"minecraft:rotten_flesh":32,"minecraft:beetroot_seeds":5,"minecraft:hay_block":100,"minecraft:mutton":127,"minecraft:cobblestone":257,"minecraft:white_wool":75,"minecraft:feather":8,"minecraft:leather":85,"minecraft:tuff":4,"minecraft:oak_log":92,"minecraft:gunpowder":1,"minecraft:lapis_lazuli":308,"minecraft:dirt":45,"minecraft:cooked_mutton":1,"minecraft:bone":71,"minecraft:bow":3,"minecraft:wheat_seeds":6,"minecraft:raw_gold":51,"minecraft:stone_pickaxe":5,"minecraft:iron_ingot":19,"minecraft:oak_planks":57,"minecraft:iron_sword":3,"minecraft:cooked_porkchop":3,"minecraft:white_bed":4,"minecraft:dark_oak_log":4,"minecraft:spider_eye":1,"minecraft:diamond":19,"minecraft:bread":50,"minecraft:coal":41,"minecraft:dark_oak_fence":18,"minecraft:black_wool":1,"minecraft:ender_pearl":3}},"DataVersion":3465}