{"stats":{"minecraft:used":{"minecraft:cooked_mutton":1,"minecraft:stone_pickaxe":50,"minecraft:wooden_pickaxe":21,"minecraft:stone_axe":40,"minecraft:dirt":7,"minecraft:crafting_table":3,"minecraft:furnace":1,"minecraft:cooked_porkchop":1,"minecraft:white_bed":1},"minecraft:crafted":{"minecraft:cooked_beef":1,"minecraft:oak_planks":24,"minecraft:cooked_porkchop":2,"minecraft:crafting_table":2,"minecraft:stick":8,"minecraft:wooden_pickaxe":1,"minecraft:stone_pickaxe":1,"minecraft:furnace":1,"minecraft:white_bed":1,"minecraft:torch":4,"minecraft:stone_axe":1,"minecraft:air":0,"minecraft:cooked_mutton":7},"minecraft:custom":{"minecraft:time_since_rest":1880,"minecraft:interact_with_furnace":11,"minecraft:sprint_one_cm":31369,"minecraft:damage_taken":130,"minecraft:walk_one_cm":52727,"minecraft:mob_kills":10,"minecraft:damage_dealt":1360,"minecraft:swim_one_cm":2059,"minecraft:interact_with_crafting_table":5,"minecraft:fly_one_cm":55348,"minecraft:open_chest":1,"minecraft:crouch_one_cm":2211,"minecraft:play_time":15601,"minecraft:sneak_time":846,"minecraft:walk_under_water_one_cm":286,"minecraft:jump":328,"minecraft:leave_game":1,"minecraft:time_since_death":15601,"minecraft:walk_on_water_one_cm":473,"minecraft:sleep_in_bed":2,"minecraft:total_world_time":15601,"minecraft:fall_one_cm":9333},"minecraft:mined":{"minecraft:white_bed":1,"minecraft:furnace":1,"minecraft:iron_ore":1,"minecraft:dark_oak_log":4,"minecraft:crafting_table":2,"minecraft:dark_oak_fence":6,"minecraft:grass":8,"minecraft:grass_block":8,"minecraft:oak_log":28,"minecraft:coal_ore":8,"minecraft:chest":1,"minecraft:dirt":4,"minecraft:tall_grass":5,"minecraft:cobblestone":16,"minecraft:stone":37,"minecraft:oak_leaves":4},"minecraft:killed":{"minecraft:sheep":4,"minecraft:pillager":3,"minecraft:pig":2,"minecraft:cow":1},"minecraft:picked_up":{"minecraft:crafting_table":2,"minecraft:stick":1,"minecraft:raw_iron":1,"minecraft:leather":2,"minecraft:porkchop":2,"minecraft:oak_log":28,"minecraft:white_bed":1,"minecraft:dark_oak_log":4,"minecraft:dirt":12,"minecraft:wheat_seeds":1,"minecraft:beef":1,"minecraft:dark_oak_fence":6,"minecraft:chest":1,"minecraft:mutton":7,"minecraft:coal":14,"minecraft:white_wool":4,"minecraft:cobblestone":53,"minecraft:furnace":1}},"DataVersion":3465}