{"stats":{"minecraft:used":{"minecraft:dirt":5},"minecraft:crafted":{"minecraft:oak_planks":16,"minecraft:crafting_table":2,"minecraft:stick":8},"minecraft:custom":{"minecraft:time_since_rest":4683,"minecraft:crouch_one_cm":273,"minecraft:play_time":4683,"minecraft:sprint_one_cm":4395,"minecraft:damage_taken":20,"minecraft:walk_one_cm":13199,"minecraft:sneak_time":308,"minecraft:jump":51,"minecraft:damage_dealt":10,"minecraft:time_since_death":4683,"minecraft:total_world_time":4683,"minecraft:fall_one_cm":2216,"minecraft:fly_one_cm":7643},"minecraft:mined":{"minecraft:grass":7,"minecraft:grass_block":6,"minecraft:oak_log":17,"minecraft:dirt":2,"minecraft:tall_grass":5,"minecraft:oak_leaves":4},"minecraft:picked_up":{"minecraft:stick":1,"minecraft:wheat_seeds":1,"minecraft:oak_log":17,"minecraft:dirt":8}},"DataVersion":3465}