{"stats":{"minecraft:used":{"minecraft:cooked_mutton":7,"minecraft:stone_pickaxe":112,"minecraft:oak_planks":5,"minecraft:shield":21,"minecraft:ender_pearl":1,"minecraft:wooden_pickaxe":21,"minecraft:iron_sword":70,"minecraft:torch":6,"minecraft:dirt":12,"minecraft:crafting_table":8,"minecraft:white_bed":3,"minecraft:dark_oak_planks":16,"minecraft:bread":12,"minecraft:iron_pickaxe":40,"minecraft:stone_axe":159,"minecraft:hay_block":3,"minecraft:furnace":3,"minecraft:cooked_porkchop":1,"minecraft:cooked_beef":1},"minecraft:crafted":{"minecraft:cooked_beef":1,"minecraft:oak_planks":48,"minecraft:cooked_porkchop":2,"minecraft:crafting_table":2,"minecraft:wooden_pickaxe":1,"minecraft:iron_sword":1,"minecraft:furnace":1,"minecraft:stone_axe":2,"minecraft:bread":39,"minecraft:cooked_mutton":7,"minecraft:air":0,"minecraft:iron_chestplate":1,"minecraft:shield":1,"minecraft:stick":20,"minecraft:iron_ingot":21,"minecraft:iron_pickaxe":1,"minecraft:stone_pickaxe":1,"minecraft:iron_leggings":1,"minecraft:white_bed":1,"minecraft:dark_oak_planks":16,"minecraft:torch":4,"minecraft:wheat":117},"minecraft:custom":{"minecraft:interact_with_furnace":39,"minecraft:mob_kills":90,"minecraft:interact_with_crafting_table":14,"minecraft:bell_ring":1,"minecraft:leave_game":1,"minecraft:time_since_death":6138,"minecraft:sleep_in_bed":2,"minecraft:time_since_rest":6172,"minecraft:sprint_one_cm":148662,"minecraft:damage_taken":1266,"minecraft:walk_one_cm":186069,"minecraft:damage_blocked_by_shield":945,"minecraft:drop":44,"minecraft:damage_dealt":12647,"minecraft:swim_one_cm":5813,"minecraft:talked_to_villager":1,"minecraft:fly_one_cm":265406,"minecraft:player_kills":1,"minecraft:open_chest":1,"minecraft:deaths":1,"minecraft:crouch_one_cm":10604,"minecraft:play_time":57601,"minecraft:sneak_time":2835,"minecraft:walk_under_water_one_cm":1203,"minecraft:jump":1486,"minecraft:walk_on_water_one_cm":8307,"minecraft:total_world_time":57601,"minecraft:fall_one_cm":35616},"minecraft:mined":{"minecraft:tuff":1,"minecraft:white_bed":2,"minecraft:deepslate_diamond_ore":5,"minecraft:dark_oak_log":4,"minecraft:crafting_table":7,"minecraft:torch":2,"minecraft:dark_oak_fence":6,"minecraft:grass_block":8,"minecraft:calcite":1,"minecraft:chest":1,"minecraft:tall_grass":6,"minecraft:cobblestone":16,"minecraft:deepslate_gold_ore":9,"minecraft:lapis_ore":1,"minecraft:sugar_cane":5,"minecraft:wall_torch":1,"minecraft:hay_block":38,"minecraft:furnace":3,"minecraft:iron_ore":8,"minecraft:wheat":1,"minecraft:deepslate_lapis_ore":11,"minecraft:grass":14,"minecraft:coal_ore":8,"minecraft:oak_log":32,"minecraft:deepslate_iron_ore":23,"minecraft:beetroots":1,"minecraft:dirt":4,"minecraft:stone":56,"minecraft:deepslate":11,"minecraft:oak_leaves":4},"minecraft:dropped":{"minecraft:bread":20,"minecraft:wheat_seeds":6,"minecraft:stone_sword":1,"minecraft:tuff":1,"minecraft:rotten_flesh":15,"minecraft:light_gray_wool":1,"minecraft:cooked_mutton":1,"minecraft:hay_block":4,"minecraft:gunpowder":1,"minecraft:diorite":1,"minecraft:torch":2,"minecraft:iron_chestplate":1,"minecraft:beetroot_seeds":1,"minecraft:stone_pickaxe":1,"minecraft:iron_pickaxe":2,"minecraft:string":6,"minecraft:black_wool":1},"minecraft:killed_by":{"minecraft:zombie":1},"minecraft:killed":{"minecraft:pig":4,"minecraft:spider":1,"minecraft:iron_golem":1,"minecraft:creeper":2,"minecraft:skeleton":12,"minecraft:sheep":23,"minecraft:pillager":3,"minecraft:zombie":17,"minecraft:chicken":6,"minecraft:villager":2,"minecraft:cow":18},"minecraft:broken":{"minecraft:stone_axe":2},"minecraft:picked_up":{"minecraft:iron_chestplate":2,"minecraft:crafting_table":9,"minecraft:feather":8,"minecraft:chicken":12,"minecraft:leather":42,"minecraft:tuff":1,"minecraft:oak_log":52,"minecraft:shield":1,"minecraft:gunpowder":1,"minecraft:lapis_lazuli":154,"minecraft:dirt":23,"minecraft:string":6,"minecraft:iron_leggings":1,"minecraft:cooked_mutton":1,"minecraft:bone":24,"minecraft:bow":1,"minecraft:wheat_seeds":6,"minecraft:cobbled_deepslate":17,"minecraft:raw_gold":11,"minecraft:stone_pickaxe":2,"minecraft:beef":63,"minecraft:iron_ingot":9,"minecraft:iron_pickaxe":3,"minecraft:light_gray_wool":1,"minecraft:oak_planks":13,"minecraft:iron_sword":1,"minecraft:sugar_cane":22,"minecraft:chest":2,"minecraft:furnace":4,"minecraft:stick":19,"minecraft:raw_iron":31,"minecraft:cooked_porkchop":1,"minecraft:torch":5,"minecraft:porkchop":14,"minecraft:diorite":1,"minecraft:white_bed":3,"minecraft:dark_oak_log":4,"minecraft:stone_sword":1,"minecraft:arrow":20,"minecraft:rotten_flesh":29,"minecraft:diamond":9,"minecraft:beetroot_seeds":3,"minecraft:hay_block":64,"minecraft:bread":12,"minecraft:black_wool":1,"minecraft:mutton":67,"minecraft:dark_oak_fence":12,"minecraft:coal":22,"minecraft:white_wool":37,"minecraft:cobblestone":125,"minecraft:ender_pearl":1}},"DataVersion":3465}