{"stats":{"minecraft:used":{"minecraft:shield":45,"minecraft:iron_sword":161,"minecraft:oak_door":3,"minecraft:torch":7,"minecraft:dirt":12,"minecraft:obsidian":10,"minecraft:dark_oak_planks":16,"minecraft:lava_bucket":8,"minecraft:iron_helmet":1,"minecraft:iron_boots":1,"minecraft:hay_block":3,"minecraft:furnace":6,"minecraft:cooked_beef":1,"minecraft:cobbled_deepslate":9,"minecraft:iron_leggings":1,"minecraft:cooked_mutton":7,"minecraft:water_bucket":4,"minecraft:stone_pickaxe":112,"minecraft:oak_planks":8,"minecraft:ender_pearl":1,"minecraft:wooden_pickaxe":21,"minecraft:crafting_table":10,"minecraft:white_bed":5,"minecraft:bread":22,"minecraft:iron_pickaxe":161,"minecraft:stone_axe":159,"minecraft:cobblestone":31,"minecraft:cooked_porkchop":2,"minecraft:bucket":12},"minecraft:crafted":{"minecraft:oak_door":3,"minecraft:oak_planks":60,"minecraft:furnace":1,"minecraft:cooked_mutton":7,"minecraft:iron_boots":1,"minecraft:stone_pickaxe":1,"minecraft:dark_oak_planks":16,"minecraft:wheat":279,"minecraft:cooked_beef":1,"minecraft:cooked_porkchop":2,"minecraft:crafting_table":2,"minecraft:wooden_pickaxe":1,"minecraft:iron_helmet":1,"minecraft:iron_sword":2,"minecraft:bucket":1,"minecraft:stone_axe":2,"minecraft:bread":93,"minecraft:air":0,"minecraft:iron_chestplate":1,"minecraft:shield":1,"minecraft:stick":20,"minecraft:iron_pickaxe":1,"minecraft:iron_ingot":31,"minecraft:iron_leggings":1,"minecraft:white_bed":1,"minecraft:torch":4},"minecraft:custom":{"minecraft:mob_kills":114,"minecraft:interact_with_crafting_table":20,"minecraft:bell_ring":1,"minecraft:leave_game":3,"minecraft:time_since_death":0,"minecraft:sprint_one_cm":219016,"minecraft:walk_one_cm":297613,"minecraft:damage_blocked_by_shield":1730,"minecraft:drop":113,"minecraft:talked_to_villager":1,"minecraft:play_time":94503,"minecraft:deaths":4,"minecraft:sneak_time":4700,"minecraft:walk_under_water_one_cm":1271,"minecraft:jump":2451,"minecraft:walk_on_water_one_cm":12556,"minecraft:total_world_time":94503,"minecraft:interact_with_furnace":62,"minecraft:sleep_in_bed":3,"minecraft:time_since_rest":111,"minecraft:damage_taken":2379,"minecraft:damage_dealt":17653,"minecraft:swim_one_cm":5813,"minecraft:fly_one_cm":371763,"minecraft:player_kills":1,"minecraft:open_chest":5,"minecraft:crouch_one_cm":16780,"minecraft:fall_one_cm":56462},"minecraft:mined":{"minecraft:tuff":23,"minecraft:white_bed":3,"minecraft:deepslate_diamond_ore":12,"minecraft:dark_oak_log":4,"minecraft:dark_oak_fence":6,"minecraft:grass_block":8,"minecraft:hay_block":38,"minecraft:furnace":6,"minecraft:cobbled_deepslate":4,"minecraft:iron_ore":8,"minecraft:deepslate_lapis_ore":14,"minecraft:deepslate_iron_ore":48,"minecraft:stone":56,"minecraft:deepslate_redstone_ore":4,"minecraft:crafting_table":9,"minecraft:torch":2,"minecraft:calcite":1,"minecraft:chest":1,"minecraft:tall_grass":6,"minecraft:cobblestone":19,"minecraft:lapis_ore":1,"minecraft:deepslate_gold_ore":28,"minecraft:sugar_cane":5,"minecraft:wall_torch":1,"minecraft:wheat":1,"minecraft:grass":14,"minecraft:oak_log":32,"minecraft:coal_ore":8,"minecraft:beetroots":1,"minecraft:dirt":4,"minecraft:oak_leaves":4,"minecraft:deepslate":41},"minecraft:dropped":{"minecraft:iron_ingot":1,"minecraft:bread":37,"minecraft:iron_sword":1,"minecraft:wheat_seeds":6,"minecraft:cobblestone":13,"minecraft:leather":1,"minecraft:coal":2,"minecraft:diamond_horse_armor":1,"minecraft:dirt":11,"minecraft:diorite":1,"minecraft:dark_oak_fence":6,"minecraft:torch":2,"minecraft:iron_pickaxe":3,"minecraft:string":11,"minecraft:bucket":1,"minecraft:redstone":13,"minecraft:stone_sword":2,"minecraft:tuff":11,"minecraft:wheat":8,"minecraft:raw_iron":3,"minecraft:rotten_flesh":17,"minecraft:light_gray_wool":1,"minecraft:oak_planks":20,"minecraft:cooked_mutton":1,"minecraft:hay_block":4,"minecraft:gunpowder":1,"minecraft:iron_chestplate":1,"minecraft:beetroot_seeds":3,"minecraft:spider_eye":1,"minecraft:arrow":6,"minecraft:bow":1,"minecraft:stone_pickaxe":4,"minecraft:black_wool":1},"minecraft:killed_by":{"minecraft:enderman":1,"minecraft:zombie":2},"minecraft:killed":{"minecraft:spider":1,"minecraft:skeleton":22,"minecraft:chicken":6,"minecraft:pig":4,"minecraft:iron_golem":1,"minecraft:creeper":2,"minecraft:sheep":23,"minecraft:pillager":3,"minecraft:zombie":30,"minecraft:villager":2,"minecraft:cow":18,"minecraft:enderman":1},"minecraft:broken":{"minecraft:stone_axe":2},"minecraft:picked_up":{"minecraft:crafting_table":15,"minecraft:iron_chestplate":5,"minecraft:wheat":4,"minecraft:chicken":24,"minecraft:diamond_horse_armor":1,"minecraft:shield":3,"minecraft:string":11,"minecraft:iron_leggings":3,"minecraft:cobbled_deepslate":89,"minecraft:beef":125,"minecraft:iron_pickaxe":7,"minecraft:light_gray_wool":1,"minecraft:sugar_cane":44,"minecraft:chest":4,"minecraft:furnace":11,"minecraft:stick":55,"minecraft:raw_iron":95,"minecraft:torch":7,"minecraft:porkchop":26,"minecraft:diorite":1,"minecraft:redstone":13,"minecraft:stone_sword":2,"minecraft:arrow":60,"minecraft:rotten_flesh":34,"minecraft:beetroot_seeds":5,"minecraft:hay_block":100,"minecraft:obsidian":12,"minecraft:mutton":127,"minecraft:cobblestone":259,"minecraft:white_wool":75,"minecraft:feather":8,"minecraft:leather":85,"minecraft:tuff":19,"minecraft:oak_log":92,"minecraft:gunpowder":1,"minecraft:lapis_lazuli":324,"minecraft:dirt":45,"minecraft:cooked_mutton":1,"minecraft:bone":76,"minecraft:bow":4,"minecraft:wheat_seeds":6,"minecraft:raw_gold":57,"minecraft:stone_pickaxe":5,"minecraft:iron_ingot":19,"minecraft:oak_planks":57,"minecraft:iron_sword":3,"minecraft:cooked_porkchop":3,"minecraft:white_bed":4,"minecraft:dark_oak_log":4,"minecraft:spider_eye":1,"minecraft:diamond":26,"minecraft:bread":50,"minecraft:coal":45,"minecraft:dark_oak_fence":18,"minecraft:black_wool":1,"minecraft:ender_pearl":3}},"DataVersion":3465}