{"stats":{"minecraft:used":{"minecraft:cooked_mutton":4,"minecraft:stone_pickaxe":57,"minecraft:oak_planks":1,"minecraft:wooden_pickaxe":21,"minecraft:dirt":12,"minecraft:crafting_table":4,"minecraft:white_bed":1,"minecraft:stone_axe":118,"minecraft:hay_block":3,"minecraft:furnace":1,"minecraft:cooked_porkchop":1},"minecraft:crafted":{"minecraft:cooked_beef":1,"minecraft:oak_planks":24,"minecraft:cooked_porkchop":2,"minecraft:crafting_table":2,"minecraft:wooden_pickaxe":1,"minecraft:furnace":1,"minecraft:stone_axe":2,"minecraft:cooked_mutton":7,"minecraft:air":0,"minecraft:stick":8,"minecraft:stone_pickaxe":1,"minecraft:white_bed":1,"minecraft:torch":4},"minecraft:custom":{"minecraft:interact_with_furnace":11,"minecraft:mob_kills":49,"minecraft:interact_with_crafting_table":6,"minecraft:bell_ring":1,"minecraft:leave_game":1,"minecraft:time_since_death":27601,"minecraft:sleep_in_bed":2,"minecraft:time_since_rest":13880,"minecraft:sprint_one_cm":73693,"minecraft:damage_taken":205,"minecraft:walk_one_cm":81849,"minecraft:drop":5,"minecraft:damage_dealt":6040,"minecraft:swim_one_cm":4812,"minecraft:talked_to_villager":1,"minecraft:fly_one_cm":159019,"minecraft:open_chest":1,"minecraft:crouch_one_cm":2692,"minecraft:play_time":27601,"minecraft:sneak_time":990,"minecraft:walk_under_water_one_cm":286,"minecraft:jump":782,"minecraft:walk_on_water_one_cm":780,"minecraft:total_world_time":27601,"minecraft:fall_one_cm":20464},"minecraft:mined":{"minecraft:white_bed":1,"minecraft:dark_oak_log":4,"minecraft:crafting_table":3,"minecraft:dark_oak_fence":6,"minecraft:grass_block":8,"minecraft:chest":1,"minecraft:tall_grass":5,"minecraft:cobblestone":16,"minecraft:sugar_cane":2,"minecraft:wall_torch":1,"minecraft:hay_block":38,"minecraft:furnace":1,"minecraft:iron_ore":1,"minecraft:wheat":1,"minecraft:grass":13,"minecraft:coal_ore":8,"minecraft:oak_log":32,"minecraft:beetroots":1,"minecraft:dirt":4,"minecraft:stone":38,"minecraft:oak_leaves":4},"minecraft:dropped":{"minecraft:hay_block":4,"minecraft:beetroot_seeds":1},"minecraft:killed":{"minecraft:pig":4,"minecraft:iron_golem":1,"minecraft:skeleton":1,"minecraft:sheep":15,"minecraft:pillager":3,"minecraft:zombie":3,"minecraft:chicken":6,"minecraft:villager":2,"minecraft:cow":14},"minecraft:broken":{"minecraft:stone_axe":1},"minecraft:picked_up":{"minecraft:crafting_table":3,"minecraft:feather":8,"minecraft:chicken":6,"minecraft:leather":16,"minecraft:oak_log":32,"minecraft:dirt":12,"minecraft:string":2,"minecraft:bone":3,"minecraft:wheat_seeds":3,"minecraft:beef":23,"minecraft:iron_ingot":4,"minecraft:light_gray_wool":1,"minecraft:sugar_cane":3,"minecraft:chest":1,"minecraft:furnace":1,"minecraft:stick":1,"minecraft:raw_iron":1,"minecraft:torch":1,"minecraft:porkchop":8,"minecraft:white_bed":1,"minecraft:dark_oak_log":4,"minecraft:arrow":1,"minecraft:rotten_flesh":6,"minecraft:beetroot_seeds":1,"minecraft:hay_block":38,"minecraft:mutton":23,"minecraft:dark_oak_fence":6,"minecraft:coal":14,"minecraft:white_wool":13,"minecraft:cobblestone":54}},"DataVersion":3465}