{"stats":{"minecraft:used":{"minecraft:cooked_mutton":7,"minecraft:stone_pickaxe":95,"minecraft:oak_planks":5,"minecraft:ender_pearl":1,"minecraft:wooden_pickaxe":21,"minecraft:torch":5,"minecraft:dirt":12,"minecraft:crafting_table":5,"minecraft:white_bed":1,"minecraft:dark_oak_planks":16,"minecraft:stone_axe":145,"minecraft:hay_block":3,"minecraft:furnace":2,"minecraft:cooked_porkchop":1,"minecraft:cooked_beef":1},"minecraft:crafted":{"minecraft:cooked_beef":1,"minecraft:oak_planks":36,"minecraft:cooked_porkchop":2,"minecraft:crafting_table":2,"minecraft:wooden_pickaxe":1,"minecraft:furnace":1,"minecraft:stone_axe":2,"minecraft:cooked_mutton":7,"minecraft:air":0,"minecraft:iron_chestplate":1,"minecraft:shield":1,"minecraft:stick":8,"minecraft:iron_ingot":5,"minecraft:stone_pickaxe":1,"minecraft:white_bed":1,"minecraft:dark_oak_planks":16,"minecraft:torch":4},"minecraft:custom":{"minecraft:interact_with_furnace":16,"minecraft:mob_kills":65,"minecraft:interact_with_crafting_table":9,"minecraft:bell_ring":1,"minecraft:leave_game":1,"minecraft:time_since_death":39601,"minecraft:sleep_in_bed":2,"minecraft:time_since_rest":25880,"minecraft:sprint_one_cm":111427,"minecraft:damage_taken":415,"minecraft:walk_one_cm":114296,"minecraft:drop":8,"minecraft:damage_dealt":7983,"minecraft:swim_one_cm":5813,"minecraft:talked_to_villager":1,"minecraft:fly_one_cm":215560,"minecraft:open_chest":1,"minecraft:crouch_one_cm":7161,"minecraft:play_time":39601,"minecraft:sneak_time":2053,"minecraft:walk_under_water_one_cm":1203,"minecraft:jump":1144,"minecraft:walk_on_water_one_cm":8307,"minecraft:total_world_time":39601,"minecraft:fall_one_cm":28377},"minecraft:mined":{"minecraft:white_bed":1,"minecraft:dark_oak_log":4,"minecraft:crafting_table":4,"minecraft:torch":1,"minecraft:dark_oak_fence":6,"minecraft:grass_block":8,"minecraft:chest":1,"minecraft:tall_grass":6,"minecraft:cobblestone":16,"minecraft:sugar_cane":5,"minecraft:wall_torch":1,"minecraft:hay_block":38,"minecraft:furnace":2,"minecraft:iron_ore":8,"minecraft:wheat":1,"minecraft:grass":14,"minecraft:coal_ore":8,"minecraft:oak_log":32,"minecraft:deepslate_iron_ore":8,"minecraft:beetroots":1,"minecraft:dirt":4,"minecraft:stone":56,"minecraft:oak_leaves":4},"minecraft:dropped":{"minecraft:cooked_mutton":1,"minecraft:hay_block":4,"minecraft:torch":1,"minecraft:beetroot_seeds":1,"minecraft:stone_pickaxe":1},"minecraft:killed":{"minecraft:pig":4,"minecraft:iron_golem":1,"minecraft:creeper":1,"minecraft:skeleton":2,"minecraft:sheep":23,"minecraft:pillager":3,"minecraft:zombie":4,"minecraft:chicken":6,"minecraft:villager":2,"minecraft:cow":18},"minecraft:broken":{"minecraft:stone_axe":1},"minecraft:picked_up":{"minecraft:crafting_table":4,"minecraft:feather":8,"minecraft:chicken":6,"minecraft:leather":21,"minecraft:oak_log":32,"minecraft:dirt":12,"minecraft:string":2,"minecraft:cooked_mutton":1,"minecraft:bone":5,"minecraft:wheat_seeds":3,"minecraft:stone_pickaxe":1,"minecraft:beef":32,"minecraft:iron_ingot":4,"minecraft:light_gray_wool":1,"minecraft:sugar_cane":11,"minecraft:chest":1,"minecraft:furnace":2,"minecraft:stick":1,"minecraft:raw_iron":16,"minecraft:torch":3,"minecraft:porkchop":8,"minecraft:white_bed":1,"minecraft:dark_oak_log":4,"minecraft:arrow":2,"minecraft:rotten_flesh":9,"minecraft:beetroot_seeds":1,"minecraft:hay_block":38,"minecraft:black_wool":1,"minecraft:mutton":37,"minecraft:dark_oak_fence":6,"minecraft:coal":14,"minecraft:white_wool":20,"minecraft:cobblestone":71,"minecraft:ender_pearl":1}},"DataVersion":3465}