{"stats":{"minecraft:used":{"minecraft:cooked_mutton":4,"minecraft:stone_sword":36,"minecraft:stone_shovel":33,"minecraft:stone_pickaxe":65,"minecraft:map":1,"minecraft:wooden_pickaxe":10,"minecraft:stone_axe":22,"minecraft:dirt":38,"minecraft:crafting_table":2,"minecraft:furnace":1,"minecraft:oak_boat":1,"minecraft:white_bed":1,"minecraft:cooked_beef":2,"minecraft:smoker":1},"minecraft:crafted":{"minecraft:cooked_beef":8,"minecraft:oak_boat":1,"minecraft:oak_planks":28,"minecraft:stone_shovel":1,"minecraft:stick":8,"minecraft:wooden_pickaxe":1,"minecraft:stone_pickaxe":1,"minecraft:stone_sword":1,"minecraft:furnace":1,"minecraft:white_bed":1,"minecraft:stone_axe":1,"minecraft:air":0,"minecraft:cooked_mutton":4,"minecraft:smoker":1},"minecraft:custom":{"minecraft:time_since_rest":14921,"minecraft:interact_with_furnace":1,"minecraft:sprint_one_cm":48436,"minecraft:damage_taken":298,"minecraft:walk_one_cm":32656,"minecraft:mob_kills":8,"minecraft:drop":1,"minecraft:damage_dealt":877,"minecraft:swim_one_cm":13584,"minecraft:interact_with_crafting_table":8,"minecraft:fly_one_cm":134879,"minecraft:open_chest":4,"minecraft:crouch_one_cm":243,"minecraft:play_time":24569,"minecraft:sneak_time":81,"minecraft:walk_under_water_one_cm":3088,"minecraft:boat_one_cm":255535,"minecraft:jump":629,"minecraft:leave_game":1,"minecraft:time_since_death":24569,"minecraft:walk_on_water_one_cm":1892,"minecraft:sleep_in_bed":1,"minecraft:total_world_time":24569,"minecraft:interact_with_smoker":5,"minecraft:fall_one_cm":17217},"minecraft:mined":{"minecraft:pink_petals":2,"minecraft:white_bed":1,"minecraft:furnace":1,"minecraft:smoker":1,"minecraft:cherry_log":11,"minecraft:crafting_table":3,"minecraft:grass":7,"minecraft:grass_block":36,"minecraft:oak_log":11,"minecraft:coal_ore":28,"minecraft:dirt":20,"minecraft:tall_grass":11,"minecraft:stone":42,"minecraft:sugar_cane":7},"minecraft:dropped":{"minecraft:filled_map":1},"minecraft:killed":{"minecraft:sheep":3,"minecraft:cow":5},"minecraft:picked_up":{"minecraft:pink_petals":3,"minecraft:stick":1,"minecraft:crafting_table":3,"minecraft:leather":2,"minecraft:smoker":1,"minecraft:oak_log":11,"minecraft:cherry_log":10,"minecraft:white_bed":1,"minecraft:dirt":54,"minecraft:wheat_seeds":4,"minecraft:beef":17,"minecraft:sugar_cane":16,"minecraft:mutton":4,"minecraft:oak_planks":15,"minecraft:coal":28,"minecraft:cobblestone":42,"minecraft:white_wool":3,"minecraft:furnace":1}},"DataVersion":3465}