{"stats":{"minecraft:picked_up":{"minecraft:birch_log":12,"minecraft:crafting_table":6,"minecraft:andesite":7,"minecraft:golden_pickaxe":1,"minecraft:leather":11,"minecraft:birch_planks":119,"minecraft:tuff":28,"minecraft:yellow_bed":1,"minecraft:lapis_lazuli":65,"minecraft:string":7,"minecraft:iron_axe":1,"minecraft:gold_nugget":16,"minecraft:cobbled_deepslate":171,"minecraft:raw_gold":9,"minecraft:spruce_planks":246,"minecraft:beef":30,"minecraft:wooden_shovel":1,"minecraft:iron_pickaxe":1,"minecraft:sugar_cane":52,"minecraft:birch_sapling":1,"minecraft:iron_sword":1,"minecraft:furnace":4,"minecraft:dark_oak_sapling":4,"minecraft:stick":2,"minecraft:raw_iron":2,"minecraft:birch_boat":8,"minecraft:torch":28,"minecraft:porkchop":2,"minecraft:spruce_sapling":6,"minecraft:diorite":1,"minecraft:white_bed":1,"minecraft:spruce_log":30,"minecraft:dark_oak_log":34,"minecraft:diamond":5,"minecraft:gray_wool":1,"minecraft:obsidian":1,"minecraft:coal":33,"minecraft:cobblestone":127,"minecraft:oxeye_daisy":1},"minecraft:killed":{"minecraft:spider":4,"minecraft:skeleton":1,"minecraft:cow":6},"minecraft:broken":{"minecraft:iron_pickaxe":1},"minecraft:mined":{"minecraft:tuff":28,"minecraft:white_bed":1,"minecraft:mossy_cobblestone":1,"minecraft:dark_oak_leaves":6,"minecraft:deepslate_diamond_ore":5,"minecraft:dark_oak_log":31,"minecraft:crafting_table":6,"minecraft:torch":2,"minecraft:blast_furnace":1,"minecraft:tall_grass":2,"minecraft:spruce_leaves":14,"minecraft:lapis_ore":5,"minecraft:deepslate_gold_ore":8,"minecraft:sugar_cane":18,"minecraft:diorite":1,"minecraft:wall_torch":2,"minecraft:furnace":4,"minecraft:birch_log":12,"minecraft:spruce_log":30,"minecraft:birch_leaves":3,"minecraft:andesite":7,"minecraft:yellow_bed":1,"minecraft:deepslate_lapis_ore":2,"minecraft:grass":6,"minecraft:coal_ore":26,"minecraft:deepslate_iron_ore":2,"minecraft:stone":117,"minecraft:deepslate":171},"minecraft:custom":{"minecraft:interact_with_furnace":17,"minecraft:mob_kills":11,"minecraft:interact_with_crafting_table":12,"minecraft:leave_game":3,"minecraft:time_since_death":91960,"minecraft:sleep_in_bed":1,"minecraft:climb_one_cm":424,"minecraft:time_since_rest":59002,"minecraft:sprint_one_cm":270643,"minecraft:damage_taken":724,"minecraft:walk_one_cm":110858,"minecraft:drop":19,"minecraft:damage_dealt":1627,"minecraft:swim_one_cm":30152,"minecraft:player_kills":1,"minecraft:fly_one_cm":616571,"minecraft:open_chest":14,"minecraft:crouch_one_cm":4566,"minecraft:play_time":91960,"minecraft:sneak_time":1606,"minecraft:walk_under_water_one_cm":7711,"minecraft:boat_one_cm":413640,"minecraft:jump":2710,"minecraft:walk_on_water_one_cm":16596,"minecraft:total_world_time":91960,"minecraft:fall_one_cm":91660},"minecraft:crafted":{"minecraft:cooked_beef":19,"minecraft:crafting_table":2,"minecraft:birch_boat":1,"minecraft:iron_sword":1,"minecraft:furnace":2,"minecraft:bucket":1,"minecraft:birch_planks":48,"minecraft:air":0,"minecraft:white_wool":3,"minecraft:iron_axe":1,"minecraft:stick":12,"minecraft:iron_pickaxe":1,"minecraft:gold_ingot":10,"minecraft:white_bed":1,"minecraft:torch":20},"minecraft:dropped":{"minecraft:birch_planks":51,"minecraft:porkchop":2,"minecraft:lapis_lazuli":1,"minecraft:cobbled_deepslate":25,"minecraft:tuff":28,"minecraft:birch_sapling":1,"minecraft:raw_iron":2,"minecraft:obsidian":1,"minecraft:cobblestone":46,"minecraft:oxeye_daisy":1,"minecraft:gray_wool":1,"minecraft:diorite":1,"minecraft:torch":16,"minecraft:andesite":7,"minecraft:wooden_shovel":2,"minecraft:gold_nugget":16,"minecraft:birch_boat":1,"minecraft:bone":1},"minecraft:used":{"minecraft:water_bucket":5,"minecraft:birch_boat":8,"minecraft:iron_sword":40,"minecraft:iron_chestplate":1,"minecraft:torch":16,"minecraft:crafting_table":7,"minecraft:white_bed":1,"minecraft:iron_axe":101,"minecraft:bread":1,"minecraft:iron_pickaxe":381,"minecraft:iron_helmet":1,"minecraft:iron_boots":1,"minecraft:cobblestone":20,"minecraft:furnace":5,"minecraft:bucket":6,"minecraft:cooked_beef":17,"minecraft:cobbled_deepslate":32,"minecraft:iron_leggings":1}},"DataVersion":3465}