{"stats":{"minecraft:used":{"minecraft:cooked_mutton":4,"minecraft:stone_sword":36,"minecraft:stone_shovel":33,"minecraft:stone_pickaxe":50,"minecraft:wooden_pickaxe":10,"minecraft:stone_axe":21,"minecraft:dirt":32,"minecraft:crafting_table":1,"minecraft:furnace":1,"minecraft:white_bed":1,"minecraft:smoker":1},"minecraft:crafted":{"minecraft:cooked_beef":8,"minecraft:oak_planks":28,"minecraft:stone_shovel":1,"minecraft:stick":8,"minecraft:wooden_pickaxe":1,"minecraft:stone_pickaxe":1,"minecraft:stone_sword":1,"minecraft:furnace":1,"minecraft:white_bed":1,"minecraft:stone_axe":1,"minecraft:air":0,"minecraft:cooked_mutton":4,"minecraft:smoker":1},"minecraft:custom":{"minecraft:time_since_rest":4424,"minecraft:interact_with_furnace":1,"minecraft:sprint_one_cm":35573,"minecraft:damage_taken":143,"minecraft:walk_one_cm":24509,"minecraft:mob_kills":8,"minecraft:damage_dealt":877,"minecraft:swim_one_cm":11002,"minecraft:interact_with_crafting_table":7,"minecraft:fly_one_cm":110130,"minecraft:open_chest":1,"minecraft:crouch_one_cm":243,"minecraft:play_time":14072,"minecraft:sneak_time":71,"minecraft:walk_under_water_one_cm":1462,"minecraft:jump":523,"minecraft:leave_game":1,"minecraft:time_since_death":14072,"minecraft:walk_on_water_one_cm":1100,"minecraft:sleep_in_bed":1,"minecraft:interact_with_smoker":5,"minecraft:total_world_time":14072,"minecraft:fall_one_cm":12116},"minecraft:mined":{"minecraft:pink_petals":2,"minecraft:white_bed":1,"minecraft:furnace":1,"minecraft:smoker":1,"minecraft:cherry_log":11,"minecraft:crafting_table":2,"minecraft:grass":7,"minecraft:coal_ore":18,"minecraft:grass_block":36,"minecraft:oak_log":11,"minecraft:dirt":17,"minecraft:tall_grass":11,"minecraft:stone":37,"minecraft:sugar_cane":7},"minecraft:killed":{"minecraft:sheep":3,"minecraft:cow":5},"minecraft:picked_up":{"minecraft:pink_petals":3,"minecraft:stick":1,"minecraft:crafting_table":2,"minecraft:leather":2,"minecraft:smoker":1,"minecraft:oak_log":11,"minecraft:cherry_log":10,"minecraft:white_bed":1,"minecraft:dirt":52,"minecraft:wheat_seeds":4,"minecraft:beef":17,"minecraft:coal":18,"minecraft:sugar_cane":16,"minecraft:mutton":4,"minecraft:oak_planks":15,"minecraft:white_wool":3,"minecraft:cobblestone":37,"minecraft:furnace":1}},"DataVersion":3465}