{"stats":{"minecraft:used":{"minecraft:stone_sword":86,"minecraft:stone_shovel":51,"minecraft:iron_sword":25,"minecraft:cooked_salmon":3,"minecraft:rotten_flesh":1,"minecraft:dirt":54,"minecraft:tuff":8,"minecraft:granite":13,"minecraft:iron_axe":42,"minecraft:furnace":3,"minecraft:cooked_cod":2,"minecraft:cooked_beef":8,"minecraft:cobbled_deepslate":18,"minecraft:cooked_mutton":4,"minecraft:stone_pickaxe":140,"minecraft:wooden_pickaxe":10,"minecraft:cherry_planks":36,"minecraft:sand":15,"minecraft:crafting_table":10,"minecraft:blast_furnace":1,"minecraft:white_bed":1,"minecraft:smoker":1,"minecraft:melon_slice":14,"minecraft:iron_pickaxe":352,"minecraft:map":1,"minecraft:stone_axe":25,"minecraft:cobblestone":69,"minecraft:oak_boat":5},"minecraft:crafted":{"minecraft:cherry_planks":40,"minecraft:oak_planks":28,"minecraft:smooth_stone":3,"minecraft:raw_iron":27,"minecraft:stone_shovel":1,"minecraft:furnace":3,"minecraft:blast_furnace":1,"minecraft:stone":3,"minecraft:cooked_mutton":4,"minecraft:iron_boots":1,"minecraft:iron_axe":1,"minecraft:stone_pickaxe":1,"minecraft:raw_iron_block":12,"minecraft:smoker":1,"minecraft:cooked_beef":8,"minecraft:deepslate":3,"minecraft:wooden_pickaxe":1,"minecraft:iron_helmet":1,"minecraft:iron_sword":1,"minecraft:stone_axe":1,"minecraft:air":0,"minecraft:oak_boat":1,"minecraft:iron_chestplate":1,"minecraft:stick":20,"minecraft:iron_ingot":105,"minecraft:iron_pickaxe":2,"minecraft:gold_ingot":2,"minecraft:iron_block":8,"minecraft:stone_sword":1,"minecraft:iron_shovel":1,"minecraft:iron_leggings":1,"minecraft:white_bed":1},"minecraft:custom":{"minecraft:mob_kills":23,"minecraft:interact_with_crafting_table":26,"minecraft:leave_game":4,"minecraft:time_since_death":101742,"minecraft:climb_one_cm":379,"minecraft:sprint_one_cm":182063,"minecraft:walk_one_cm":130952,"minecraft:drop":25,"minecraft:play_time":101742,"minecraft:sneak_time":8389,"minecraft:walk_under_water_one_cm":15542,"minecraft:boat_one_cm":777884,"minecraft:jump":1888,"minecraft:interact_with_blast_furnace":8,"minecraft:walk_on_water_one_cm":24607,"minecraft:total_world_time":101742,"minecraft:interact_with_furnace":25,"minecraft:sleep_in_bed":1,"minecraft:time_since_rest":92094,"minecraft:damage_taken":1214,"minecraft:damage_dealt":3515,"minecraft:swim_one_cm":31152,"minecraft:fly_one_cm":356227,"minecraft:open_chest":11,"minecraft:crouch_one_cm":24810,"minecraft:interact_with_smoker":5,"minecraft:fall_one_cm":52701},"minecraft:mined":{"minecraft:tuff":9,"minecraft:white_bed":1,"minecraft:stone_pressure_plate":1,"minecraft:deepslate_diamond_ore":11,"minecraft:cherry_log":11,"minecraft:granite":13,"minecraft:grass_block":36,"minecraft:sandstone":30,"minecraft:spawner":1,"minecraft:raw_iron_block":6,"minecraft:furnace":3,"minecraft:iron_ore":50,"minecraft:andesite":1,"minecraft:deepslate_iron_ore":136,"minecraft:stone":101,"minecraft:cut_sandstone":7,"minecraft:smoker":1,"minecraft:orange_terracotta":3,"minecraft:crafting_table":11,"minecraft:blast_furnace":1,"minecraft:melon":29,"minecraft:copper_ore":4,"minecraft:tall_grass":11,"minecraft:cobblestone":2,"minecraft:sugar_cane":10,"minecraft:diorite":12,"minecraft:pink_petals":2,"minecraft:cactus":5,"minecraft:tnt":9,"minecraft:grass":15,"minecraft:coal_ore":64,"minecraft:oak_log":11,"minecraft:sand":20,"minecraft:dirt":20,"minecraft:cobweb":12,"minecraft:oak_leaves":1,"minecraft:deepslate":32,"minecraft:fern":2},"minecraft:dropped":{"minecraft:wheat_seeds":3,"minecraft:leather":2,"minecraft:flint":1,"minecraft:iron_block":1,"minecraft:diorite":1,"minecraft:cut_sandstone":5,"minecraft:gold_nugget":1,"minecraft:heart_of_the_sea":1,"minecraft:pink_petals":3,"minecraft:stone_axe":1,"minecraft:stone_sword":1,"minecraft:deepslate":3,"minecraft:tuff":1,"minecraft:raw_iron":1,"minecraft:stone_shovel":1,"minecraft:oak_planks":1,"minecraft:filled_map":1,"minecraft:orange_terracotta":2,"minecraft:golden_leggings":1,"minecraft:stone_pressure_plate":1,"minecraft:bow":1,"minecraft:beef":1,"minecraft:wooden_pickaxe":3},"minecraft:killed":{"minecraft:cave_spider":2,"minecraft:spider":4,"minecraft:skeleton":6,"minecraft:sheep":3,"minecraft:zombie":3,"minecraft:cow":5},"minecraft:broken":{"minecraft:stone_pickaxe":1,"minecraft:iron_pickaxe":1},"minecraft:picked_up":{"minecraft:crafting_table":11,"minecraft:wooden_pickaxe":2,"minecraft:string":16,"minecraft:cobbled_deepslate":29,"minecraft:beef":17,"minecraft:oak_boat":5,"minecraft:melon_slice":134,"minecraft:sugar_cane":23,"minecraft:furnace":3,"minecraft:stick":1,"minecraft:raw_iron":187,"minecraft:sandstone":29,"minecraft:cherry_log":10,"minecraft:diorite":1,"minecraft:stone_pressure_plate":1,"minecraft:tnt":9,"minecraft:cactus":9,"minecraft:arrow":1,"minecraft:rotten_flesh":1,"minecraft:iron_block":1,"minecraft:mutton":4,"minecraft:cobblestone":97,"minecraft:white_wool":3,"minecraft:pink_petals":3,"minecraft:leather":2,"minecraft:cut_sandstone":5,"minecraft:smoker":1,"minecraft:tuff":9,"minecraft:oak_log":11,"minecraft:dirt":54,"minecraft:orange_terracotta":2,"minecraft:bone":8,"minecraft:bow":1,"minecraft:wheat_seeds":7,"minecraft:oak_planks":15,"minecraft:raw_iron_block":6,"minecraft:sand":15,"minecraft:blast_furnace":1,"minecraft:white_bed":1,"minecraft:diamond":11,"minecraft:granite":13,"minecraft:coal":139}},"DataVersion":3465}