{"stats":{"minecraft:used":{"minecraft:cooked_mutton":4,"minecraft:stone_sword":73,"minecraft:stone_shovel":51,"minecraft:stone_pickaxe":140,"minecraft:wooden_pickaxe":10,"minecraft:dirt":54,"minecraft:sand":15,"minecraft:crafting_table":3,"minecraft:white_bed":1,"minecraft:smoker":1,"minecraft:iron_pickaxe":101,"minecraft:map":1,"minecraft:stone_axe":23,"minecraft:cobblestone":56,"minecraft:furnace":1,"minecraft:oak_boat":4,"minecraft:cooked_beef":8},"minecraft:crafted":{"minecraft:cooked_beef":8,"minecraft:oak_planks":28,"minecraft:stone_shovel":1,"minecraft:wooden_pickaxe":1,"minecraft:furnace":1,"minecraft:stone_axe":1,"minecraft:cooked_mutton":4,"minecraft:air":0,"minecraft:oak_boat":1,"minecraft:stick":12,"minecraft:iron_pickaxe":1,"minecraft:stone_pickaxe":1,"minecraft:stone_sword":1,"minecraft:gold_ingot":2,"minecraft:white_bed":1,"minecraft:smoker":1},"minecraft:custom":{"minecraft:interact_with_furnace":1,"minecraft:mob_kills":12,"minecraft:interact_with_crafting_table":10,"minecraft:leave_game":1,"minecraft:time_since_death":54569,"minecraft:sleep_in_bed":1,"minecraft:time_since_rest":44921,"minecraft:sprint_one_cm":81488,"minecraft:damage_taken":802,"minecraft:walk_one_cm":58457,"minecraft:drop":8,"minecraft:damage_dealt":1557,"minecraft:swim_one_cm":17408,"minecraft:fly_one_cm":213897,"minecraft:open_chest":10,"minecraft:crouch_one_cm":11740,"minecraft:play_time":54569,"minecraft:sneak_time":3285,"minecraft:walk_under_water_one_cm":3127,"minecraft:boat_one_cm":681669,"minecraft:jump":978,"minecraft:walk_on_water_one_cm":6652,"minecraft:interact_with_smoker":5,"minecraft:total_world_time":54569,"minecraft:fall_one_cm":31597},"minecraft:mined":{"minecraft:cut_sandstone":7,"minecraft:stone_pressure_plate":1,"minecraft:white_bed":1,"minecraft:smoker":1,"minecraft:cherry_log":11,"minecraft:orange_terracotta":3,"minecraft:crafting_table":4,"minecraft:granite":11,"minecraft:grass_block":36,"minecraft:copper_ore":4,"minecraft:tall_grass":11,"minecraft:cobblestone":2,"minecraft:sugar_cane":10,"minecraft:diorite":11,"minecraft:sandstone":30,"minecraft:spawner":1,"minecraft:pink_petals":2,"minecraft:cactus":5,"minecraft:furnace":1,"minecraft:iron_ore":23,"minecraft:tnt":9,"minecraft:grass":7,"minecraft:coal_ore":58,"minecraft:oak_log":11,"minecraft:dirt":20,"minecraft:sand":20,"minecraft:cobweb":12,"minecraft:stone":84},"minecraft:dropped":{"minecraft:filled_map":1,"minecraft:cut_sandstone":5,"minecraft:stone_pressure_plate":1,"minecraft:gold_nugget":1,"minecraft:beef":1,"minecraft:wooden_pickaxe":3},"minecraft:killed":{"minecraft:cave_spider":2,"minecraft:sheep":3,"minecraft:skeleton":2,"minecraft:cow":5},"minecraft:broken":{"minecraft:stone_pickaxe":1},"minecraft:picked_up":{"minecraft:pink_petals":3,"minecraft:crafting_table":4,"minecraft:cut_sandstone":5,"minecraft:leather":2,"minecraft:wooden_pickaxe":2,"minecraft:smoker":1,"minecraft:oak_log":11,"minecraft:string":11,"minecraft:dirt":54,"minecraft:orange_terracotta":2,"minecraft:bone":5,"minecraft:wheat_seeds":4,"minecraft:beef":17,"minecraft:oak_boat":4,"minecraft:sugar_cane":23,"minecraft:oak_planks":15,"minecraft:furnace":1,"minecraft:raw_iron":19,"minecraft:stick":1,"minecraft:sandstone":29,"minecraft:sand":15,"minecraft:cherry_log":10,"minecraft:white_bed":1,"minecraft:stone_pressure_plate":1,"minecraft:tnt":9,"minecraft:cactus":9,"minecraft:granite":11,"minecraft:mutton":4,"minecraft:coal":57,"minecraft:white_wool":3,"minecraft:cobblestone":82}},"DataVersion":3465}