{"stats":{"minecraft:used":{"minecraft:cooked_mutton":4,"minecraft:stone_sword":86,"minecraft:stone_shovel":51,"minecraft:stone_pickaxe":140,"minecraft:wooden_pickaxe":10,"minecraft:cherry_planks":21,"minecraft:iron_sword":7,"minecraft:dirt":54,"minecraft:sand":15,"minecraft:crafting_table":6,"minecraft:blast_furnace":1,"minecraft:white_bed":1,"minecraft:granite":13,"minecraft:smoker":1,"minecraft:iron_axe":1,"minecraft:iron_pickaxe":221,"minecraft:map":1,"minecraft:stone_axe":25,"minecraft:cobblestone":66,"minecraft:furnace":3,"minecraft:cooked_cod":2,"minecraft:oak_boat":4,"minecraft:cooked_beef":8},"minecraft:crafted":{"minecraft:cooked_beef":8,"minecraft:cherry_planks":40,"minecraft:smooth_stone":3,"minecraft:oak_planks":28,"minecraft:deepslate":3,"minecraft:raw_iron":27,"minecraft:stone_shovel":1,"minecraft:iron_helmet":1,"minecraft:wooden_pickaxe":1,"minecraft:iron_sword":1,"minecraft:furnace":3,"minecraft:blast_furnace":1,"minecraft:stone":3,"minecraft:stone_axe":1,"minecraft:cooked_mutton":4,"minecraft:air":0,"minecraft:oak_boat":1,"minecraft:iron_boots":1,"minecraft:iron_chestplate":1,"minecraft:iron_axe":1,"minecraft:stick":20,"minecraft:iron_block":8,"minecraft:iron_shovel":1,"minecraft:iron_ingot":105,"minecraft:iron_pickaxe":2,"minecraft:stone_pickaxe":1,"minecraft:iron_leggings":1,"minecraft:stone_sword":1,"minecraft:gold_ingot":2,"minecraft:white_bed":1,"minecraft:smoker":1},"minecraft:custom":{"minecraft:interact_with_furnace":25,"minecraft:mob_kills":18,"minecraft:interact_with_crafting_table":22,"minecraft:leave_game":4,"minecraft:time_since_death":77742,"minecraft:sleep_in_bed":1,"minecraft:time_since_rest":68094,"minecraft:sprint_one_cm":101952,"minecraft:damage_taken":944,"minecraft:walk_one_cm":91409,"minecraft:drop":16,"minecraft:damage_dealt":2458,"minecraft:swim_one_cm":17517,"minecraft:fly_one_cm":237762,"minecraft:open_chest":10,"minecraft:play_time":77742,"minecraft:crouch_one_cm":19208,"minecraft:sneak_time":5906,"minecraft:walk_under_water_one_cm":6954,"minecraft:boat_one_cm":681669,"minecraft:jump":1218,"minecraft:interact_with_blast_furnace":8,"minecraft:walk_on_water_one_cm":15862,"minecraft:interact_with_smoker":5,"minecraft:total_world_time":77742,"minecraft:fall_one_cm":36503},"minecraft:mined":{"minecraft:cut_sandstone":7,"minecraft:stone_pressure_plate":1,"minecraft:white_bed":1,"minecraft:deepslate_diamond_ore":4,"minecraft:smoker":1,"minecraft:cherry_log":11,"minecraft:orange_terracotta":3,"minecraft:crafting_table":7,"minecraft:granite":13,"minecraft:blast_furnace":1,"minecraft:grass_block":36,"minecraft:tall_grass":11,"minecraft:copper_ore":4,"minecraft:cobblestone":2,"minecraft:sugar_cane":10,"minecraft:diorite":12,"minecraft:sandstone":30,"minecraft:spawner":1,"minecraft:pink_petals":2,"minecraft:cactus":5,"minecraft:raw_iron_block":3,"minecraft:furnace":3,"minecraft:iron_ore":42,"minecraft:tnt":9,"minecraft:grass":7,"minecraft:oak_log":11,"minecraft:coal_ore":64,"minecraft:deepslate_iron_ore":47,"minecraft:dirt":20,"minecraft:sand":20,"minecraft:cobweb":12,"minecraft:stone":97,"minecraft:deepslate":22},"minecraft:dropped":{"minecraft:stone_axe":1,"minecraft:stone_sword":1,"minecraft:deepslate":3,"minecraft:stone_shovel":1,"minecraft:filled_map":1,"minecraft:iron_block":1,"minecraft:diorite":1,"minecraft:orange_terracotta":2,"minecraft:cut_sandstone":5,"minecraft:golden_leggings":1,"minecraft:stone_pressure_plate":1,"minecraft:gold_nugget":1,"minecraft:wooden_pickaxe":3,"minecraft:beef":1},"minecraft:killed":{"minecraft:cave_spider":2,"minecraft:spider":3,"minecraft:sheep":3,"minecraft:skeleton":4,"minecraft:zombie":1,"minecraft:cow":5},"minecraft:broken":{"minecraft:stone_pickaxe":1},"minecraft:picked_up":{"minecraft:pink_petals":3,"minecraft:crafting_table":7,"minecraft:cut_sandstone":5,"minecraft:leather":2,"minecraft:wooden_pickaxe":2,"minecraft:smoker":1,"minecraft:oak_log":11,"minecraft:dirt":54,"minecraft:string":15,"minecraft:orange_terracotta":2,"minecraft:bone":6,"minecraft:wheat_seeds":4,"minecraft:cobbled_deepslate":20,"minecraft:beef":17,"minecraft:oak_boat":4,"minecraft:sugar_cane":23,"minecraft:oak_planks":15,"minecraft:furnace":3,"minecraft:raw_iron":89,"minecraft:stick":1,"minecraft:sandstone":29,"minecraft:raw_iron_block":3,"minecraft:sand":15,"minecraft:cherry_log":10,"minecraft:blast_furnace":1,"minecraft:diorite":1,"minecraft:white_bed":1,"minecraft:stone_pressure_plate":1,"minecraft:tnt":9,"minecraft:cactus":9,"minecraft:diamond":4,"minecraft:iron_block":1,"minecraft:granite":13,"minecraft:mutton":4,"minecraft:coal":139,"minecraft:white_wool":3,"minecraft:cobblestone":94}},"DataVersion":3465}